wound_id,timestamp,ph,temp_c,impedance_kohm,blood_glucose_mgdl,wound_glucose_mM
wound-001,2026-09-29T09:00:00Z,7.05,34.1,9.72,91.8,2.79
wound-001,2026-09-29T09:30:00Z,7.086,34.22,10.12,96.7,2.66
wound-001,2026-09-29T10:00:00Z,7.04,34.27,9.15,89.2,2.66
wound-001,2026-09-29T10:30:00Z,7.072,34.36,10.0,96.1,2.8
wound-001,2026-09-29T11:00:00Z,7.028,34.16,9.8,99.9,2.92
wound-001,2026-09-29T11:30:00Z,6.922,34.11,11.45,99.4,2.81
wound-001,2026-09-29T12:00:00Z,7.041,34.34,10.67,98.2,2.67
wound-001,2026-09-29T12:30:00Z,7.122,34.18,10.18,94.6,2.76
wound-001,2026-09-29T13:00:00Z,7.057,34.16,10.91,98.4,3.03
wound-001,2026-09-29T13:30:00Z,6.957,34.07,10.24,97.3,2.85
wound-001,2026-09-29T14:00:00Z,7.026,34.22,11.76,100.3,2.88
wound-001,2026-09-29T14:30:00Z,7.042,34.08,10.93,97.9,2.91
wound-001,2026-09-29T15:00:00Z,6.955,34.1,10.26,97.1,2.87
wound-001,2026-09-29T15:30:00Z,6.965,33.96,10.11,103.0,2.83
wound-001,2026-09-29T16:00:00Z,7.042,34.08,10.46,105.5,2.89
wound-001,2026-09-29T16:30:00Z,6.981,34.04,10.15,108.6,2.95
wound-001,2026-09-29T17:00:00Z,7.039,34.03,10.91,128.0,3.07
wound-001,2026-09-29T17:30:00Z,6.957,34.09,11.32,139.5,3.23
wound-001,2026-09-29T18:00:00Z,7.173,34.02,10.78,136.8,3.38
wound-001,2026-09-29T18:30:00Z,7.034,33.95,10.41,122.1,3.14
wound-001,2026-09-29T19:00:00Z,7.045,33.84,9.64,105.6,3.26
wound-001,2026-09-29T19:30:00Z,7.031,33.75,10.98,97.8,3.25
wound-001,2026-09-29T20:00:00Z,7.031,33.59,10.4,96.6,3.12
wound-001,2026-09-29T20:30:00Z,7.132,33.72,10.56,96.4,3.14
wound-001,2026-09-29T21:00:00Z,6.971,33.65,11.16,96.5,3.08
wound-001,2026-09-29T21:30:00Z,7.085,33.76,11.0,105.9,3.18
wound-001,2026-09-29T22:00:00Z,7.03,33.5,10.15,117.9,3.2
wound-001,2026-09-29T22:30:00Z,7.082,33.61,10.35,124.0,3.39
wound-001,2026-09-29T23:00:00Z,7.186,33.57,10.11,118.0,3.25
wound-001,2026-09-29T23:30:00Z,7.047,33.57,10.35,118.7,3.23
wound-001,2026-09-30T00:00:00Z,7.067,33.57,10.98,105.1,3.18
wound-001,2026-09-30T00:30:00Z,7.004,33.74,11.07,101.1,3.3
wound-001,2026-09-30T01:00:00Z,6.969,33.73,9.99,98.3,3.28
wound-001,2026-09-30T01:30:00Z,7.029,33.74,10.4,94.2,3.2
wound-001,2026-09-30T02:00:00Z,7.032,33.69,11.08,97.1,3.2
wound-001,2026-09-30T02:30:00Z,6.998,33.88,9.58,99.8,3.16
wound-001,2026-09-30T03:00:00Z,7.079,33.74,10.99,100.4,3.09
wound-001,2026-09-30T03:30:00Z,6.949,33.75,10.5,110.4,3.02
wound-001,2026-09-30T04:00:00Z,7.058,33.7,9.48,121.5,3.06
wound-001,2026-09-30T04:30:00Z,7.093,33.95,11.15,132.6,3.29
wound-001,2026-09-30T05:00:00Z,6.984,33.77,10.76,141.1,3.46
wound-001,2026-09-30T05:30:00Z,7.11,33.65,10.34,129.7,3.49
wound-001,2026-09-30T06:00:00Z,7.068,33.93,11.49,111.6,3.43
wound-001,2026-09-30T06:30:00Z,6.972,34.01,10.65,101.0,3.4
wound-001,2026-09-30T07:00:00Z,7.1,33.98,9.88,103.3,3.26
wound-001,2026-09-30T07:30:00Z,7.053,33.9,10.4,96.9,3.29
wound-001,2026-09-30T08:00:00Z,6.944,34.11,10.95,92.2,3.46
wound-001,2026-09-30T08:30:00Z,7.052,34.0,10.58,97.2,3.2
wound-001,2026-09-30T09:00:00Z,7.106,34.11,10.86,91.8,3.22
wound-001,2026-09-30T09:30:00Z,6.984,34.21,10.95,96.7,3.01
wound-001,2026-09-30T10:00:00Z,6.943,34.15,10.65,89.2,3.15
wound-001,2026-09-30T10:30:00Z,7.012,34.32,10.74,96.1,3.16
wound-001,2026-09-30T11:00:00Z,7.076,34.18,10.19,99.9,3.13
wound-001,2026-09-30T11:30:00Z,7.078,34.08,9.63,99.4,3.0
wound-001,2026-09-30T12:00:00Z,6.915,34.32,11.21,98.2,2.97
wound-001,2026-09-30T12:30:00Z,7.1,34.24,10.74,94.6,3.08
wound-001,2026-09-30T13:00:00Z,7.144,34.3,10.43,98.4,2.97
wound-001,2026-09-30T13:30:00Z,7.117,34.21,10.52,97.3,3.02
wound-001,2026-09-30T14:00:00Z,7.099,34.1,10.95,100.3,3.01
wound-001,2026-09-30T14:30:00Z,7.028,34.2,11.16,97.9,2.86
wound-001,2026-09-30T15:00:00Z,7.132,34.01,10.98,97.1,2.85
wound-001,2026-09-30T15:30:00Z,7.137,34.05,9.96,103.0,3.0
wound-001,2026-09-30T16:00:00Z,7.025,34.04,10.0,105.5,2.86
wound-001,2026-09-30T16:30:00Z,7.078,34.24,10.4,108.6,2.94
wound-001,2026-09-30T17:00:00Z,7.153,33.95,11.12,128.0,3.06
wound-001,2026-09-30T17:30:00Z,7.125,33.91,9.6,139.5,2.97
wound-001,2026-09-30T18:00:00Z,7.121,33.85,10.23,136.8,3.24
wound-001,2026-09-30T18:30:00Z,7.1,33.95,11.16,122.1,3.44
wound-001,2026-09-30T19:00:00Z,7.088,33.88,10.74,105.6,3.46
wound-001,2026-09-30T19:30:00Z,7.047,33.63,10.96,97.8,3.31
wound-001,2026-09-30T20:00:00Z,7.154,33.95,11.35,96.6,3.2
wound-001,2026-09-30T20:30:00Z,7.152,33.46,10.11,96.4,3.21
wound-001,2026-09-30T21:00:00Z,7.175,33.74,11.17,96.5,2.98
wound-001,2026-09-30T21:30:00Z,7.151,33.74,11.05,105.9,2.96
wound-001,2026-09-30T22:00:00Z,7.112,33.71,10.36,117.9,3.22
wound-001,2026-09-30T22:30:00Z,7.146,33.61,11.74,124.0,3.26
wound-001,2026-09-30T23:00:00Z,7.232,33.47,9.84,118.0,3.34
wound-001,2026-09-30T23:30:00Z,7.104,33.52,10.19,118.7,3.28
wound-001,2026-10-01T00:00:00Z,7.064,33.59,9.95,105.1,3.21
wound-001,2026-10-01T00:30:00Z,7.103,33.55,10.23,101.1,3.34
wound-001,2026-10-01T01:00:00Z,7.148,33.41,11.57,98.3,3.14
wound-001,2026-10-01T01:30:00Z,7.116,33.72,10.15,94.2,3.08
wound-001,2026-10-01T02:00:00Z,7.033,33.54,11.24,97.1,3.14
wound-001,2026-10-01T02:30:00Z,7.068,33.51,10.18,99.8,3.12
wound-001,2026-10-01T03:00:00Z,7.162,33.57,10.79,100.4,2.99
wound-001,2026-10-01T03:30:00Z,7.207,33.74,11.81,110.4,3.06
wound-001,2026-10-01T04:00:00Z,7.204,33.92,10.66,121.5,3.11
wound-001,2026-10-01T04:30:00Z,7.268,33.74,10.59,132.6,3.32
wound-001,2026-10-01T05:00:00Z,7.076,33.72,10.65,141.1,3.48
wound-001,2026-10-01T05:30:00Z,7.257,33.8,10.83,129.7,3.68
wound-001,2026-10-01T06:00:00Z,7.074,33.86,10.23,111.6,3.49
wound-001,2026-10-01T06:30:00Z,7.151,33.83,10.32,101.0,3.25
wound-001,2026-10-01T07:00:00Z,7.069,34.06,10.41,103.3,3.36
wound-001,2026-10-01T07:30:00Z,7.061,34.15,11.19,96.9,3.26
wound-001,2026-10-01T08:00:00Z,7.088,33.97,10.42,92.2,3.34
wound-001,2026-10-01T08:30:00Z,7.125,34.07,11.25,97.2,3.11
wound-001,2026-10-01T09:00:00Z,7.092,33.97,10.91,94.2,3.1
wound-001,2026-10-01T09:30:00Z,7.12,34.21,10.56,92.0,2.84
wound-001,2026-10-01T10:00:00Z,7.132,34.25,10.88,97.7,3.06
wound-001,2026-10-01T10:30:00Z,7.085,34.1,10.76,100.1,3.08
wound-001,2026-10-01T11:00:00Z,7.12,34.23,11.2,95.4,2.98
wound-001,2026-10-01T11:30:00Z,7.093,34.44,10.03,96.9,2.94
wound-001,2026-10-01T12:00:00Z,7.132,34.17,10.69,94.6,3.12
wound-001,2026-10-01T12:30:00Z,7.065,34.2,10.63,97.1,2.97
wound-001,2026-10-01T13:00:00Z,7.003,34.19,11.46,93.4,2.87
wound-001,2026-10-01T13:30:00Z,7.064,34.18,11.35,93.3,2.99
wound-001,2026-10-01T14:00:00Z,7.081,34.26,10.16,94.1,2.87
wound-001,2026-10-01T14:30:00Z,7.033,34.17,10.9,94.2,2.89
wound-001,2026-10-01T15:00:00Z,6.982,34.17,10.32,96.4,3.0
wound-001,2026-10-01T15:30:00Z,7.028,34.17,11.97,99.4,2.93
wound-001,2026-10-01T16:00:00Z,7.014,34.03,10.23,97.3,2.83
wound-001,2026-10-01T16:30:00Z,7.092,34.24,10.35,112.2,2.83
wound-001,2026-10-01T17:00:00Z,7.061,32.62,7.88,126.9,2.92
wound-001,2026-10-01T17:30:00Z,7.089,33.43,8.26,137.8,3.28
wound-001,2026-10-01T18:00:00Z,6.963,33.69,10.14,127.3,3.19
wound-001,2026-10-01T18:30:00Z,7.081,33.8,9.26,117.7,3.32
wound-001,2026-10-01T19:00:00Z,7.052,33.85,10.83,98.6,3.17
wound-001,2026-10-01T19:30:00Z,7.033,33.78,10.77,98.0,3.18
wound-001,2026-10-01T20:00:00Z,6.998,33.8,10.79,90.3,3.18
wound-001,2026-10-01T20:30:00Z,7.077,33.67,10.16,99.7,3.07
wound-001,2026-10-01T21:00:00Z,7.08,33.54,10.85,110.0,3.12
wound-001,2026-10-01T21:30:00Z,6.954,33.77,10.78,109.4,3.05
wound-001,2026-10-01T22:00:00Z,7.019,33.92,11.24,130.1,3.27
wound-001,2026-10-01T22:30:00Z,6.999,33.65,10.32,134.0,3.46
wound-001,2026-10-01T23:00:00Z,7.026,33.47,9.91,132.9,3.32
wound-001,2026-10-01T23:30:00Z,6.984,33.68,9.74,121.7,3.54
wound-001,2026-10-02T00:00:00Z,7.016,33.68,11.27,106.7,3.44
wound-001,2026-10-02T00:30:00Z,7.125,33.5,10.8,102.3,3.41
wound-001,2026-10-02T01:00:00Z,7.048,33.53,11.0,99.5,3.39
wound-001,2026-10-02T01:30:00Z,7.108,33.62,11.7,97.2,3.3
wound-001,2026-10-02T02:00:00Z,7.05,33.56,11.81,92.1,3.26
wound-001,2026-10-02T02:30:00Z,6.973,33.61,10.93,98.1,3.03
wound-001,2026-10-02T03:00:00Z,7.059,33.6,10.7,101.0,3.17
wound-001,2026-10-02T03:30:00Z,7.056,33.82,10.72,108.8,3.1
wound-001,2026-10-02T04:00:00Z,7.006,33.64,11.15,116.8,3.39
wound-001,2026-10-02T04:30:00Z,7.118,33.78,10.73,122.4,3.26
wound-001,2026-10-02T05:00:00Z,7.071,33.8,11.19,118.0,3.22
wound-001,2026-10-02T05:30:00Z,7.025,33.81,11.14,104.5,3.14
wound-001,2026-10-02T06:00:00Z,7.076,33.8,10.76,103.0,3.21
wound-001,2026-10-02T06:30:00Z,7.088,33.9,10.73,95.7,3.0
wound-001,2026-10-02T07:00:00Z,7.077,34.01,11.5,100.1,3.15
wound-001,2026-10-02T07:30:00Z,7.072,33.96,10.0,100.5,3.15
wound-001,2026-10-02T08:00:00Z,7.06,34.1,13.85,97.2,3.12
wound-001,2026-10-02T08:30:00Z,7.061,34.1,13.98,93.0,3.02
wound-001,2026-10-02T09:00:00Z,7.085,34.05,13.95,100.6,3.16
wound-001,2026-10-02T09:30:00Z,6.975,34.1,13.51,97.5,3.06
wound-001,2026-10-02T10:00:00Z,6.913,33.98,12.52,107.3,3.03
wound-001,2026-10-02T10:30:00Z,7.055,34.14,12.5,100.8,3.19
wound-001,2026-10-02T11:00:00Z,7.043,34.01,13.76,106.9,3.03
wound-001,2026-10-02T11:30:00Z,6.994,34.1,12.82,104.1,3.06
wound-001,2026-10-02T12:00:00Z,6.898,34.24,12.95,101.6,3.17
wound-001,2026-10-02T12:30:00Z,6.973,34.3,13.01,103.7,3.04
wound-001,2026-10-02T13:00:00Z,6.981,34.35,11.87,101.1,2.99
wound-001,2026-10-02T13:30:00Z,7.084,34.14,12.71,99.0,3.13
wound-001,2026-10-02T14:00:00Z,7.018,34.33,11.78,99.6,3.1
wound-001,2026-10-02T14:30:00Z,7.003,34.19,12.34,104.0,3.16
wound-001,2026-10-02T15:00:00Z,6.961,34.16,11.92,101.2,2.99
wound-001,2026-10-02T15:30:00Z,6.947,34.27,11.44,106.4,3.11
wound-001,2026-10-02T16:00:00Z,6.96,34.14,11.51,104.2,3.0
wound-001,2026-10-02T16:30:00Z,6.963,34.02,9.7,117.4,3.02
wound-001,2026-10-02T17:00:00Z,7.012,34.02,11.42,129.1,3.25
wound-001,2026-10-02T17:30:00Z,6.935,33.63,11.56,135.6,3.29
wound-001,2026-10-02T18:00:00Z,6.978,33.82,10.74,135.2,3.43
wound-001,2026-10-02T18:30:00Z,6.96,33.77,11.41,117.3,3.3
wound-001,2026-10-02T19:00:00Z,7.111,33.81,10.83,112.5,3.35
wound-001,2026-10-02T19:30:00Z,7.052,33.66,11.13,101.3,3.42
wound-001,2026-10-02T20:00:00Z,6.973,33.73,10.87,99.0,3.3
wound-001,2026-10-02T20:30:00Z,6.88,33.81,12.36,104.8,3.28
wound-001,2026-10-02T21:00:00Z,6.957,33.76,11.21,111.4,3.36
wound-001,2026-10-02T21:30:00Z,6.962,33.63,11.86,111.7,3.2
wound-001,2026-10-02T22:00:00Z,7.009,33.71,11.49,135.0,3.42
wound-001,2026-10-02T22:30:00Z,6.987,33.51,11.15,147.0,3.57
wound-001,2026-10-02T23:00:00Z,6.943,33.7,11.86,151.3,3.5
wound-001,2026-10-02T23:30:00Z,6.943,33.62,11.56,133.7,3.49
wound-001,2026-10-03T00:00:00Z,7.009,33.58,10.6,111.6,3.52
wound-001,2026-10-03T00:30:00Z,7.02,33.64,10.57,104.6,3.58
wound-001,2026-10-03T01:00:00Z,6.959,33.42,11.51,100.3,3.45
wound-001,2026-10-03T01:30:00Z,6.988,33.56,11.89,98.1,3.2
wound-001,2026-10-03T02:00:00Z,6.941,33.56,11.3,102.8,3.35
wound-001,2026-10-03T02:30:00Z,7.016,33.72,10.66,102.6,3.12
wound-001,2026-10-03T03:00:00Z,6.996,33.64,12.36,102.4,3.37
wound-001,2026-10-03T03:30:00Z,7.047,33.75,10.7,108.2,3.22
wound-001,2026-10-03T04:00:00Z,6.873,33.77,10.8,121.6,3.35
wound-001,2026-10-03T04:30:00Z,6.954,33.75,10.95,125.3,3.44
wound-001,2026-10-03T05:00:00Z,6.959,33.75,10.94,126.9,3.64
wound-001,2026-10-03T05:30:00Z,6.999,34.05,10.5,121.9,3.63
wound-001,2026-10-03T06:00:00Z,6.968,33.9,10.91,111.9,3.3
wound-001,2026-10-03T06:30:00Z,7.044,33.88,10.99,106.6,3.41
wound-001,2026-10-03T07:00:00Z,7.004,33.87,11.47,100.6,3.34
wound-001,2026-10-03T07:30:00Z,7.089,34.12,11.22,99.0,3.3
wound-001,2026-10-03T08:00:00Z,6.976,33.86,10.89,102.1,3.15
wound-001,2026-10-03T08:30:00Z,6.935,33.79,10.46,97.2,3.46
wound-001,2026-10-03T09:00:00Z,7.037,34.08,10.84,94.5,3.27
wound-001,2026-10-03T09:30:00Z,6.932,34.15,10.59,92.2,3.1
wound-001,2026-10-03T10:00:00Z,6.95,34.19,10.15,90.5,2.99
wound-001,2026-10-03T10:30:00Z,6.959,34.01,10.11,90.5,3.1
wound-001,2026-10-03T11:00:00Z,6.978,34.2,11.55,94.1,2.99
wound-001,2026-10-03T11:30:00Z,6.912,34.27,10.59,90.2,3.26
wound-001,2026-10-03T12:00:00Z,6.85,34.33,11.0,89.9,2.99
wound-001,2026-10-03T12:30:00Z,6.928,34.14,12.15,93.3,2.88
wound-001,2026-10-03T13:00:00Z,6.911,34.2,11.28,99.6,3.08
wound-001,2026-10-03T13:30:00Z,6.961,34.07,10.29,89.1,2.95
wound-001,2026-10-03T14:00:00Z,6.852,34.12,11.57,91.8,2.83
wound-001,2026-10-03T14:30:00Z,6.941,34.06,10.81,94.9,2.85
wound-001,2026-10-03T15:00:00Z,6.85,34.0,10.82,84.1,2.88
wound-001,2026-10-03T15:30:00Z,6.87,34.12,10.69,90.4,2.77
wound-001,2026-10-03T16:00:00Z,6.865,33.91,11.79,89.3,2.82
wound-001,2026-10-03T16:30:00Z,6.905,33.88,11.28,102.0,2.96
wound-001,2026-10-03T17:00:00Z,6.78,33.93,11.36,115.0,2.82
wound-001,2026-10-03T17:30:00Z,7.034,33.86,9.69,123.5,3.01
wound-001,2026-10-03T18:00:00Z,6.875,33.7,10.25,121.9,3.23
wound-001,2026-10-03T18:30:00Z,6.832,33.87,10.83,109.8,3.15
wound-001,2026-10-03T19:00:00Z,6.924,33.7,10.37,101.7,3.15
wound-001,2026-10-03T19:30:00Z,6.891,33.68,11.28,89.5,3.04
wound-001,2026-10-03T20:00:00Z,6.922,33.63,10.74,91.3,2.94
